5555555555554444;W;47.3;1613977546000
5555555555554444;D;54.76;1532658685000
5555555555554444;D;81.54;1494070809000
5555555555554444;D;33.51;1470638316000
5555555555554444;D;25.2;1520333456000
5555555555554444;W;21.34;1479610501000
5555555555554444;W;46.63;1577192608000
5555555555554444;W;33.26;1539644219000
5555555555554444;W;81.26;1621559976000
5555555555554444;D;88.93;1486743313000
5555555555554444;W;64.66;1545624574000
5555555555554444;W;36.69;1516595703000
5555555555554444;W;94.45;1484279436000
5555555555554444;W;23;1522836818000
5555555555554444;D;51.63;1596393285000
5555555555554444;D;75.37;1528821008000
5555555555554444;D;68.96;1491872405000
5555555555554444;W;49.78;1554526235000
5555555555554444;D;97.49;1567799149000
5555555555554444;D;33.55;1548133714000
5555555555554444;W;47.34;1479561913000
5555555555554444;W;52;1575889670000
5555555555554444;W;50.51;1489470546000
5555555555554444;W;88.37;1562621602000
5555555555554444;W;85.5;1489538016000
5555555555554444;W;99.38;1575640050000
5555555555554444;D;57.67;1596169381000
5555555555554444;D;42.55;1520092252000
5555555555554444;D;75.32;1512073734000
5555555555554444;W;48.1;1577050827000
5555555555554444;W;71.06;1625027514000
5555555555554444;D;62.62;1503170189000
5555555555554444;W;26.39;1606551349000
5555555555554444;W;40.1;1536060041000
5555555555554444;W;85.55;1620859812000
5555555555554444;D;25.83;1473496894000
5555555555554444;W;80.16;1492973195000
5555555555554444;D;44.11;1625978771000
5105105105105100;D;57.13;1474242237000
5105105105105100;D;55.29;1622075226000
5105105105105100;W;20.88;1559204546000
5105105105105100;W;51.67;1564800159000
5105105105105100;D;32.52;1589598479000
5105105105105100;W;65.55;1556784760000
5105105105105100;D;97.58;1618486115000
5105105105105100;W;22.64;1600532435000
5105105105105100;D;69.91;1503826963000
5105105105105100;W;38.2;1475477639000
5105105105105100;W;54.77;1581110638000
5105105105105100;W;87.5;1558837777000
5105105105105100;W;55.9;1493468324000
5105105105105100;W;82.73;1487703792000
5105105105105100;W;51.77;1555706740000
5105105105105100;W;27.83;1480593423000
5105105105105100;W;72.78;1517336495000
5105105105105100;D;67.92;1578804738000
5105105105105100;W;45.79;1617707699000
5105105105105100;D;25.45;1585114110000
5105105105105100;W;20.22;1609837842000
5105105105105100;W;93.9;1597118902000
5105105105105100;D;50;1506797480000
5105105105105100;D;51.36;1510748694000
5105105105105100;W;93.77;1616017445000
5105105105105100;D;85.02;1566931279000
5105105105105100;D;49.31;1474761085000
4111111111111111;D;96.91;1540202786000
4111111111111111;W;81.12;1600134007000
4111111111111111;D;59.17;1494931644000
4111111111111111;W;98.16;1579822478000
4111111111111111;D;99.15;1508913390000
4111111111111111;W;21.89;1493195646000
4111111111111111;D;30.64;1490695211000
4111111111111111;D;37.71;1559425204000
4111111111111111;W;86.28;1535906978000
4111111111111111;D;91.22;1526361580000
4111111111111111;D;65.03;1525003621000
4111111111111111;W;50.39;1587501115000
4111111111111111;W;39.4;1480312392000
4111111111111111;W;28.42;1606625452000
4111111111111111;D;57.09;1556302219000
4111111111111111;W;51.77;1525652566000
4111111111111111;D;95.07;1483818400000
4111111111111111;W;41.92;1571948346000
4111111111111111;W;52.03;1525272619000
4111111111111111;W;57.68;1499085401000
4111111111111111;W;92.46;1590986346000
4111111111111111;W;52.64;1611336242000
4111111111111111;D;21.86;1527244737000
4111111111111111;D;88.85;1529358251000
4111111111111111;W;63.77;1552649079000
4111111111111111;D;59.48;1474728388000
4111111111111111;D;38.16;1575685248000
4111111111111111;W;45.12;1479850061000
4111111111111111;W;28.84;1546125981000
4111111111111111;W;96.97;1608453279000
4111111111111111;W;34.44;1612732143000
4111111111111111;D;53.1;1545799341000
4111111111111111;D;33.89;1479632810000
4111111111111111;W;63.04;1622186141000
4111111111111111;D;87.4;1548114051000
4012888888881881;W;41.88;1566910335000
4012888888881881;W;88.12;1614988955000
4012888888881881;D;52.44;1622545030000
4012888888881881;W;60.94;1577610791000
4012888888881881;W;50.77;1610102413000
4012888888881881;W;58.96;1589788138000
4012888888881881;W;99.31;1528101981000
4012888888881881;W;32.02;1583688027000
4012888888881881;D;57.45;1609294193000
4012888888881881;W;95.98;1556648298000
4012888888881881;W;75.84;1533501916000
4012888888881881;W;32.07;1499041665000
4012888888881881;D;42.18;1612394714000
4012888888881881;W;66.59;1523594415000
4012888888881881;D;37.93;1509682773000
4012888888881881;D;60.59;1522422635000
4012888888881881;W;68.73;1502122292000
4012888888881881;D;41.54;1518419777000
4012888888881881;W;99.9;1584691574000
4012888888881881;W;56.52;1571932892000
4012888888881881;W;26.66;1527616725000
4012888888881881;W;95.64;1608290371000
4012888888881881;W;33.52;1608546250000
4012888888881881;D;32.04;1515738237000
4222222222222222;D;20.27;1523914154000
4222222222222222;W;99.6;1565510987000
4222222222222222;W;98.21;1575210472000
4222222222222222;D;44.89;1502848372000
4222222222222222;W;82.54;1548761354000
4222222222222222;D;71.37;1502026734000
4222222222222222;W;57.76;1555584885000
4222222222222222;W;40.61;1587885408000
4222222222222222;W;24.29;1501974962000
4222222222222222;W;28.79;1571541829000
4222222222222222;W;81.63;1570548929000
4222222222222222;W;34.19;1476348160000
4222222222222222;W;81.85;1498595135000
4222222222222222;W;38.89;1494827230000
4222222222222222;W;22.11;1517305142000
4222222222222222;W;97.16;1512671865000
4222222222222222;D;41.62;1533490065000
4222222222222222;D;93.33;1568815757000
4222222222222222;W;32.37;1493495467000
4222222222222222;W;88.27;1612435214000
4222222222222222;D;77.46;1581896151000
4222222222222222;W;89.02;1544216504000
4222222222222222;D;37.4;1557412240000
4222222222222222;D;69.13;1512497958000
4222222222222222;W;94.54;1499096054000
4222222222222222;W;81.4;1574088541000
4222222222222222;W;47.5;1530859029000
4222222222222222;W;28.42;1538610835000
4444111122223333;D;74.76;1605534802000
4444111122223333;W;87.28;1581048039000
4444111122223333;W;54.22;1547843654000
4444111122223333;W;99.54;1621656730000
4444111122223333;D;70.84;1622824903000
4444111122223333;D;49.21;1520634939000
4444111122223333;W;42.11;1527507735000
4444111122223333;W;59.57;1623513689000
4444111122223333;W;47.5;1480641438000
4444111122223333;W;60.96;1516798094000
4444111122223333;D;60.32;1478335532000
4444111122223333;W;42.8;1503485216000
4444111122223333;D;25.81;1579650831000
4444111122223333;D;99.05;1590283183000
4444111122223333;W;20.96;1619859879000
4444111122223333;W;59.95;1515943678000
4444111122223333;D;97.17;1517507582000
4444111122223333;W;81.79;1480710043000
4444111122223333;D;38.13;1510300363000
4444111122223333;W;87.66;1609494134000
4444111122223333;W;78.8;1486614968000
4444111122223333;D;95.17;1618407103000
4444111122223333;W;49.66;1589429475000
4444111122223333;W;90.26;1610697211000
4444111122223333;W;21.89;1519011402000
4444111122223333;W;88.82;1590883978000
1234123412341234;W;70.22;1577567477000
1234123412341234;D;48.09;1624124496000
1234123412341234;D;54.7;1608802436000
1234123412341234;W;46.14;1526799303000
1234123412341234;D;75.19;1472046741000
1234123412341234;W;94.18;1475662805000
1234123412341234;D;90.1;1536949477000
1234123412341234;W;61.44;1570442734000
1234123412341234;D;31.08;1577173312000
1234123412341234;W;56.83;1583518185000
1234123412341234;W;56.5;1612409027000
1234123412341234;D;47.86;1529908169000
1234123412341234;W;54.73;1478961039000
1234123412341234;W;21.73;1612524587000
1234123412341234;W;41.34;1472150104000
1234123412341234;D;84.47;1508831881000
1234123412341234;D;48.18;1527102888000
1234123412341234;D;33.33;1534541717000
1234123412341234;D;21.26;1489330008000
1234123412341234;D;85.44;1617750973000
1234123412341234;D;67.38;1488218071000
1234123412341234;D;99.16;1548142567000
1234123412341234;D;66.74;1493831091000
1234123412341234;D;91.36;1548963066000
1234123412341234;W;55.56;1492840965000
1234123412341234;D;71.1;1586523026000
1234123412341234;W;43.41;1576506521000
1234123412341234;D;77.03;1541000377000
1234123412341234;D;41.2;1592977076000
1234123412341234;W;77.76;1547937454000
1234123412341234;D;33.69;1536957100000
1234123412341234;D;20.35;1501647512000
1234123412341234;D;23.08;1526478856000
1234123412341234;W;93.92;1592384961000
1234123412341234;D;21.1;1536663069000
1234123412341234;D;40.63;1517257156000
